datetime,open,high,low,close,volume
2026-07-15T12:00:00+00:00,1.1543399999999984,1.1614199999999983,1.1537499999999983,1.1601999999999986,100023.87308172285
2026-07-16T00:00:00+00:00,1.1601999999999986,1.1608499999999986,1.1589099999999986,1.1600799999999984,76326
2026-07-16T12:00:00+00:00,1.1600799999999984,1.1602999999999986,1.1563399999999986,1.1578399999999982,74074.00060523237
2026-07-17T00:00:00+00:00,1.1578399999999982,1.1585399999999983,1.1557799999999983,1.1563299999999983,72401
2026-07-17T12:00:00+00:00,1.1563299999999983,1.1577699999999982,1.1557699999999982,1.1571099999999985,62705.89822194973
2026-07-19T12:00:00+00:00,1.1571099999999985,1.1573099999999983,1.1565399999999983,1.1569099999999983,5855.64644998585
2026-07-20T00:00:00+00:00,1.1569099999999983,1.1591299999999982,1.1568099999999983,1.1571199999999984,71672
2026-07-20T12:00:00+00:00,1.1571199999999984,1.1571799999999983,1.1544199999999982,1.1557799999999983,63249.7889170421
2026-07-21T00:00:00+00:00,1.1557799999999983,1.157039999999998,1.155079999999998,1.1560999999999981,56720
2026-07-21T12:00:00+00:00,1.1560999999999981,1.156229999999998,1.1537399999999982,1.154419999999998,55288.011591020295
2026-07-22T00:00:00+00:00,1.154419999999998,1.1560299999999981,1.154079999999998,1.154889999999998,68882
2026-07-22T12:00:00+00:00,1.154889999999998,1.156359999999998,1.154599999999998,1.155349999999998,56976.20652561185
2026-07-23T00:00:00+00:00,1.155349999999998,1.157779999999998,1.152549999999998,1.1536599999999981,77017
2026-07-23T12:00:00+00:00,1.1536599999999981,1.153719999999998,1.150589999999998,1.151859999999998,86704.24499391338
2026-07-24T00:00:00+00:00,1.151859999999998,1.154329999999998,1.1513299999999982,1.151679999999998,68443
2026-07-24T12:00:00+00:00,1.151679999999998,1.1532899999999981,1.1507099999999981,1.151129999999998,61491.214408233274
2026-07-26T12:00:00+00:00,1.151129999999998,1.152239999999998,1.150909999999998,1.151679999999998,7056.567888467482
2026-07-27T00:00:00+00:00,1.151679999999998,1.154049999999998,1.1507399999999979,1.150879999999998,74111
2026-07-27T12:00:00+00:00,1.150879999999998,1.151259999999998,1.148649999999998,1.1491399999999978,66648.50307396459
2026-07-28T00:00:00+00:00,1.1491399999999978,1.1502299999999976,1.1475499999999978,1.1487399999999977,58173
2026-07-28T12:00:00+00:00,1.1487399999999977,1.1527499999999977,1.1483099999999977,1.1508199999999977,60426.196153846155
2026-07-29T00:00:00+00:00,1.1508199999999977,1.1525899999999978,1.1502799999999977,1.1504699999999977,58870
2026-07-29T12:00:00+00:00,1.1504699999999977,1.159729999999998,1.1497199999999976,1.1589299999999978,115854.63513563287
2026-07-30T00:00:00+00:00,1.1589299999999978,1.1605599999999978,1.155669999999998,1.1597299999999977,76194
2026-07-30T12:00:00+00:00,1.1597299999999977,1.1658399999999978,1.1590799999999977,1.1644499999999978,124721.32533026909
2026-07-31T00:00:00+00:00,1.1644499999999978,1.1647999999999978,1.1606299999999978,1.1606799999999977,91175
2026-07-31T12:00:00+00:00,1.1606799999999977,1.1668799999999977,1.1576799999999978,1.1650599999999978,115760.84287801823
2026-08-02T12:00:00+00:00,1.1650599999999978,1.1665999999999979,1.1648499999999977,1.165079999999998,13626.365045376564
2026-08-03T00:00:00+00:00,1.165079999999998,1.166299999999998,1.1623899999999978,1.1639599999999979,96018
2026-08-03T12:00:00+00:00,1.1639599999999979,1.1642199999999978,1.160749999999998,1.161419999999998,76709.42167255595
2026-08-04T00:00:00+00:00,1.161419999999998,1.163059999999998,1.1609399999999979,1.162349999999998,73873
2026-08-04T12:00:00+00:00,1.162349999999998,1.1641299999999979,1.1616499999999979,1.163929999999998,67434.38411564073
2026-08-05T00:00:00+00:00,1.163929999999998,1.166259999999998,1.163399999999998,1.165999999999998,77763
2026-08-05T12:00:00+00:00,1.165999999999998,1.1666699999999979,1.1647399999999979,1.166429999999998,75852
2026-08-06T00:00:00+00:00,1.166429999999998,1.166699999999998,1.164379999999998,1.165239999999998,57363
2026-08-06T12:00:00+00:00,1.165239999999998,1.165289999999998,1.162209999999998,1.1631299999999978,61928.61260331648
2026-08-07T00:00:00+00:00,1.1631299999999978,1.1640799999999978,1.1625199999999978,1.1640399999999977,58477
2026-08-07T12:00:00+00:00,1.1640399999999977,1.1688299999999978,1.1633599999999977,1.1661699999999977,96397
2026-08-09T12:00:00+00:00,1.1661699999999977,1.1663599999999978,1.1652799999999979,1.1653899999999977,3741.3654364144522
2026-08-10T00:00:00+00:00,1.1653899999999977,1.1664299999999979,1.1646599999999978,1.1650899999999977,58094
2026-08-10T12:00:00+00:00,1.1650899999999977,1.1654399999999978,1.1637499999999978,1.1644599999999978,57465.381101950006
2026-08-11T00:00:00+00:00,1.1644599999999978,1.1648399999999979,1.1629999999999978,1.163519999999998,62571
2026-08-11T12:00:00+00:00,1.163519999999998,1.164709999999998,1.1632299999999978,1.164199999999998,49022.002204380326
2026-08-12T00:00:00+00:00,1.164199999999998,1.1648599999999978,1.163079999999998,1.1642099999999977,52719
2026-08-12T12:00:00+00:00,1.1642099999999977,1.1661599999999979,1.1618399999999978,1.1626499999999982,84083.83855200073
2026-08-13T00:00:00+00:00,1.1626499999999982,1.1637399999999982,1.1610599999999982,1.1632899999999982,56643
2026-08-13T12:00:00+00:00,1.1632899999999982,1.1644399999999981,1.1623099999999982,1.1636399999999982,69193.56845505342
2026-08-14T00:00:00+00:00,1.1636399999999982,1.1674499999999983,1.1634699999999982,1.1667999999999983,52735
2026-08-14T12:00:00+00:00,1.1667999999999983,1.1688099999999981,1.1664599999999983,1.1669699999999983,65586
2026-08-16T12:00:00+00:00,1.1669699999999983,1.168399999999998,1.1667899999999982,1.168189999999998,5236.387505765502
2026-08-17T00:00:00+00:00,1.168189999999998,1.172229999999998,1.168189999999998,1.170049999999998,67988
2026-08-17T12:00:00+00:00,1.170049999999998,1.170799999999998,1.167919999999998,1.1690899999999982,57907.463501103804
2026-08-18T00:00:00+00:00,1.1690899999999982,1.1693999999999982,1.1674899999999981,1.168489999999998,57859
2026-08-18T12:00:00+00:00,1.168489999999998,1.169649999999998,1.1678599999999981,1.1683899999999983,61820.90246078065
2026-08-19T00:00:00+00:00,1.1683899999999983,1.1719799999999985,1.1677999999999984,1.1710699999999983,65532
2026-08-19T12:00:00+00:00,1.1710699999999983,1.1788499999999984,1.1710399999999983,1.1782199999999983,122624.18301121602
2026-08-20T00:00:00+00:00,1.1782199999999983,1.1818399999999984,1.1777899999999983,1.1792499999999984,90372
2026-08-20T12:00:00+00:00,1.1792499999999984,1.1802499999999985,1.1777199999999983,1.1795499999999983,94704.4408439212
2026-08-21T00:00:00+00:00,1.1795499999999983,1.1819399999999984,1.1790899999999984,1.1808699999999983,80151
2026-08-21T12:00:00+00:00,1.1808699999999983,1.1810999999999983,1.1776799999999983,1.1784099999999984,64600.93450881612
2026-08-23T12:00:00+00:00,1.16721,1.16823,1.16721,1.16823,3787
2026-08-24T00:00:00+00:00,1.16823,1.16871,1.16603,1.16668,79363
2026-08-24T12:00:00+00:00,1.16668,1.16747,1.16552,1.16678,72673
2026-08-25T00:00:00+00:00,1.16678,1.16737,1.1651,1.1659400000000002,68569
2026-08-25T12:00:00+00:00,1.1659400000000002,1.16798,1.1659400000000002,1.16743,63097
2026-08-26T00:00:00+00:00,1.16743,1.16768,1.16598,1.1669,55562
2026-08-26T12:00:00+00:00,1.1669,1.16748,1.1642,1.16553,64736
2026-08-27T00:00:00+00:00,1.16553,1.1659499999999998,1.16366,1.1641099999999998,59470
2026-08-27T12:00:00+00:00,1.1641099999999998,1.166,1.16397,1.16534,60058
2026-08-28T00:00:00+00:00,1.16534,1.16553,1.16392,1.16451,51624
2026-08-28T12:00:00+00:00,1.16451,1.16581,1.15777,1.15781,102367
2026-08-30T12:00:00+00:00,1.15778,1.15893,1.15744,1.15886,4477
2026-08-31T00:00:00+00:00,1.15886,1.16059,1.15846,1.15963,69343
2026-08-31T12:00:00+00:00,1.15963,1.16207,1.15915,1.16182,63934
2026-09-01T00:00:00+00:00,1.16182,1.16243,1.15879,1.15927,68093
2026-09-01T12:00:00+00:00,1.15927,1.16081,1.15847,1.15903,61260
2026-09-02T00:00:00+00:00,1.15903,1.15917,1.15768,1.15781,11851
